variant,no_vo,vo
D927N_M925I,94.96292260285414,95.73590740642715
E942K,95.68042559475323,83.36346362941181
G1744R,98.0047472282112,94.1279609859061
G223G_L234L,89.03487460910277,85.44759271896866
I1761I,94.31659180862971,89.06628748068833
M1770I,96.4133638226582,90.20063691703041
Q1479X,45.957588962075086,28.89065622475609
T227I,94.87282749793957,95.6443602194048
V938I,94.14121703778221,90.64307412177119
W1276X,97.87756373945992,97.60288321714239
