variant,%modified_no_vo,%modified_vo,%reads_aligned,zscores_primary_screening,fc_%modified,lfc_%modified,weighted_fc_%modified,log_weighted_fc_%modified
D927N_M925I,91.49857590666666,94.67381797,94.96292260285414,8.66,1.0347026391598952,0.04921621444123646,0.9795924931290252,-0.029746376688844958
E942K,90.96614408333333,87.17250100333332,95.68042559475323,8.45,0.958296098859322,-0.061456599308938764,0.8353706763930465,-0.2595115927139613
G1744R,92.92934283666666,94.75162754666667,98.0047472282112,7.44,1.0196093575438585,0.02801651897900028,0.9660964608909177,-0.049760851270136935
G223G_L234L,89.36749139666667,92.54916668,89.03487460910277,6.78,1.0356021550298546,0.05046987252104551,0.9584411646002522,-0.06123822235197937
I1761I,68.90876507333333,76.88997306666666,94.31659180862971,5.87,1.115822827253393,0.15810797113243122,0.8579558713468523,-0.22102464975729866
M1770I,69.01968752666666,57.8003651,96.4133638226582,-7.25,0.8374475047814158,-0.25592933662681444,0.4840477152844983,-1.0467788258765294
Q1479X,40.200142873333334,52.093807919999996,45.957588962075086,1.79,1.2958612630841244,0.3739112693223871,0.6750634773007296,-0.5669049274184044
T227I,54.45553279999999,54.45734482333333,94.87282749793957,-2.14,1.000033275284258,4.800528889280733e-05,0.5445915690696226,-0.8767534469815917
V938I,79.66918594333333,86.86095857,94.14121703778221,8.49,1.090270441972157,0.12468604041298838,0.9470193569023911,-0.07853418046964454
W1276X,85.10913405000001,93.36682890000002,97.87756373945992,9.28,1.0970247781530567,0.1335961118074937,1.0242572476087692,0.034578101314417194
