variant,zscore_weighted_fc_%reads
T227I,-0.14110933022395358
G223G_L234L,0.40524603462874287
D927N_M925I,0.7556248283656042
V938I,0.8185147250532998
E942K,-0.21158528780408245
W1276X,0.9659058594311306
Q1479X,-0.1259420006822753
G1744R,0.11440330972871322
I1761I,0.9248758435641667
M1770I,-0.6250845831110037
